train_no,station_sequence,station_code,station_name,observations
12314,0,NDLS,NEW DELHI,365
12314,1,CNB,KANPUR CENTRAL,365
12314,2,DDU,PT DEEN DAYAL UPADHYAY JN,365
12314,3,GAYA,GAYA JN,365
12314,4,DHN,DHANBAD JN,365
12314,5,ASN,ASANSOL JN,365
12314,6,DGR,DURGAPUR,365
12314,7,SDAH,SEALDAH,365
12428,0,ANVT,ANAND VIHAR TRM,365
12428,1,REWA,REWA,365
12428,2,STA,SATNA,365
12428,3,JTW,JAITWAR,365
12428,4,DBR,DABHAURA,365
12428,5,SRJ,SHANKARGARH,365
12428,6,PRYJ,PRAYAGRAJ JN,365
12428,7,MKP,MANIKPUR JN,365
12428,8,FTP,FATEHPUR,365
12428,9,CNB,KANPUR CENTRAL,365
12428,10,JJK,JHINJHAK,365
12428,11,ALJN,ALIGARH JN,365
12428,12,GZB,GHAZIABAD,365
12428,13,SRO,SIRATHU,365
12628,0,NDLS,NEW DELHI,365
12628,1,KLBG,KALABURAGI JN,365
12628,2,WADI,WADI,365
12628,3,YG,YADGIR,365
12628,4,RC,RAICHUR,365
12628,5,MALM,MANTHRALAYAM RD,365
12628,6,AD,ADONI,365
12628,7,SUR,SOLAPUR JN,365
12628,8,ATP,ANANTAPUR,365
12628,9,SSPN,SAI P NILAYAM,365
12628,10,PKD,PENUKONDA,365
12628,11,HUP,HINDUPUR,365
12628,12,YNK,YELHANKA JN,365
12628,13,BNC,BANGALORE CANT,365
12628,14,SBC,KSR BANGALORE CY JN,365
12628,15,DMM,DHARMAVARAM JN,365
12628,16,KWV,KURDUVADI,365
12628,17,GTL,GUNTAKAL JN,365
12628,18,ANG,AHMADNAGAR,365
12628,19,DD,DAUND JN,365
12628,20,MTJ,MATHURA JN,365
12628,21,AGC,AGRA CANTT,365
12628,22,GWL,GWALIOR,365
12628,23,VGLJ,V LAKSHMIBAI JHANSI,365
12628,24,BPL,BHOPAL JN,365
12628,25,ET,ITARSI JN,365
12628,26,BINA,BINA JN,365
12628,27,BAU,BURHANPUR,365
12628,28,BSL,BHUSAVAL JN,365
12628,29,JL,JALGAON JN,365
12628,30,MMR,MANMAD JN,365
12628,31,KPG,KOPARGAON,365
12628,32,BAP,BELAPUR,365
12628,33,KNW,KHANDWA,365
12802,0,ANVT,ANAND VIHAR TRM,365
12802,1,PURI,PURI,365
12802,2,KUR,KHURDA ROAD JN,365
12802,3,BBS,BHUBANESWAR,365
12802,4,CTC,CUTTACK,365
12802,5,JJKR,JAJPUR K ROAD,365
12802,6,BHC,BHADRAKH,365
12802,7,BLS,BALASORE,365
12802,8,HIJ,HIJILLI,365
12802,9,TATA,TATANAGAR JN,365
12802,10,CNI,CHANDIL JN,365
12802,11,BBM,BARABHUM,365
12802,12,PRR,PURULIA JN,365
12802,13,BKSC,BOKARO STL CITY,365
12802,14,CRP,CHANDRAPURA,365
12802,15,GMO,NSC BOSE J GOMO,365
12802,16,GTS,GHATSILA,365
12802,17,HZD,HAZARIBAGH RD,365
12802,18,PNME,PARASNATH,365
12802,19,FTP,FATEHPUR,365
12802,20,PRYJ,PRAYAGRAJ JN,365
12802,21,BDL,VINDHYACHAL,365
12802,22,MZP,MIRZAPUR,365
12802,23,CAR,CHUNAR,365
12802,24,DDU,PT DEEN DAYAL UPADHYAY JN,365
12802,25,GOY,GOVINDPURI,365
12802,26,SSM,SASARAM,365
12802,27,DOS,DEHRI ON SONE,365
12802,28,AUBR,ANUGRAHA N ROAD,365
12802,29,GAYA,GAYA JN,365
12802,30,PRP,PAHARPUR,365
12802,31,KQR,KODERMA,365
12802,32,BBU,BHABUA ROAD,365
12952,0,NDLS,NEW DELHI,365
12952,1,KOTA,KOTA JN,365
12952,2,NAD,NAGDA JN,365
12952,3,RTM,RATLAM JN,365
12952,4,BRC,VADODARA JN,365
12952,5,ST,SURAT,365
12952,6,BVI,BORIVALI,365
12952,7,MMCT,MUMBAI CENTRAL,365
12958,0,NDLS,NEW DELHI,365
12958,1,DEC,DELHI CANTT,365
12958,2,GGN,GURGAON,365
12958,3,JP,JAIPUR,365
12958,4,AII,AJMER JN,365
12958,5,FA,FALNA,365
12958,6,ABR,ABU ROAD,365
12958,7,PNU,PALANPUR JN,365
12958,8,MSH,MAHESANA JN,365
12958,9,SBIB,SABARMATI BG,365
14310,0,YNRK,YOGNAGARI RISHIKESH,104
14310,1,BAO,BANMOR,104
14310,2,GWL,GWALIOR,104
14310,3,SVPI,SHIVPURI,104
14310,4,KLRS,KOLARAS,104
14310,5,GUNA,GUNA,104
14310,6,KHRJ,KUMBHRAJ,104
14310,7,MRA,MORENA,104
14310,8,BRRG,BIYAVRA RAJGARH,104
14310,9,SFW,SARANGPUR,104
14310,10,SFY,SHAJAPUR,104
14310,11,MKC,MAKSI,104
14310,12,UJN,UJJAIN JN,104
14310,13,DWX,DEWAS,104
14310,14,LMNR,LAKSHMIBAI NGR,104
14310,15,PFR,PACHOR ROAD,104
14310,16,DHO,DHAULPUR,104
14310,17,RTA,RUTHIYAI,104
14310,18,RKM,RAJA KI MANDI,104
14310,19,AGC,AGRA CANTT,104
14310,20,MOTC,MOTICHUR,104
14310,21,HW,HARIDWAR JN,104
14310,22,JWP,JWALAPUR,104
14310,23,RK,ROORKEE,104
14310,24,SRE,SAHARANPUR,104
14310,25,DBD,DEOBAND,104
14310,26,RWL,RAIWALA,104
14310,27,MTC,MEERUT CITY,104
14310,28,GZB,GHAZIABAD,104
14310,29,NZM,H NIZAMUDDIN,104
14310,30,FDB,FARIDABAD,104
14310,31,KSV,KOSI KALAN,104
14310,32,MTJ,MATHURA JN,104
14310,33,MOZ,MUZAFFARNAGAR,104
20807,0,VSKP,VISAKHAPATNAM,157
20807,1,BUH,BURHAR,157
20807,2,SDL,SHAHDOL,157
20807,3,UMR,UMARIA,157
20807,4,KMZ,KATNI MURWARA,157
20807,5,DMO,DAMOH,157
20807,6,SGO,SAUGOR,157
20807,7,KYE,KHURAI,157
20807,8,MAKR,BINA MALKHEDI JN,157
20807,9,LAR,LALITPUR,157
20807,10,DAA,DATIA,157
20807,11,APR,ANUPPUR JN,157
20807,12,GWL,GWALIOR,157
20807,13,MTJ,MATHURA JN,157
20807,14,NZM,H NIZAMUDDIN,157
20807,15,NDLS,NEW DELHI,157
20807,16,BDMJ,BHODWAL MAJRI,157
20807,17,PNP,PANIPAT JN,157
20807,18,UMB,AMBALA CANT JN,157
20807,19,LDH,LUDHIANA JN,157
20807,20,JUC,JALANDHAR CITY,157
20807,21,BEAS,BEAS,157
20807,22,ASR,AMRITSAR JN,157
20807,23,AGC,AGRA CANTT,157
20807,24,PND,PENDRA ROAD,157
20807,25,VGLJ,V LAKSHMIBAI JHANSI,157
20807,26,AKT,AKALTARA,157
20807,27,BSP,BILASPUR JN,157
20807,28,CHE,SRIKAKULAM ROAD,157
20807,29,PSA,PALASA,157
20807,30,BAM,BRAHMAPUR,157
20807,31,CAP,CHATRAPUR,157
20807,32,BALU,BALUGAN,157
20807,33,KUR,KHURDA ROAD JN,157
20807,34,BBS,BHUBANESWAR,157
20807,35,NQR,NARAJ MARTHAPUR,157
20807,36,DNKL,DHENKANAL,157
20807,37,TLHR,TALCHER,157
20807,38,ANGL,ANGUL,157
20807,39,VZM,VIZIANAGRAM JN,157
20807,40,RGDA,RAYAGADA,157
20807,41,TIG,TITLAGARH,157
20807,42,SBP,SAMBALPUR,157
20807,43,JSGR,JHARSUGUDA ROAD,157
20807,44,BRJN,BRAJRAJNAGAR,157
20807,45,BPH,BELPAHAR,157
20807,46,RIG,RAIGARH,157
20807,47,KHS,KHARSIA,157
20807,48,SKT,SAKTI,157
20807,49,CPH,CHAMPA,157
20807,50,RAIR,RAIRAKHOL,157
